{
    "controllables": [],
    "vseMetadata": {"cameraSettings": {
        "rotation": {
            "x": 90,
            "y": 321.900115966797,
            "z": 0
        },
        "position": {
            "x": 38.2729072570801,
            "y": 200,
            "z": -49.4947319030762
        }
    }},
    "weather": {
        "rain": 0.480263434734033,
        "damage": 0.22358414423257267,
        "wetness": 0.8788536506094807,
        "cloudiness": 0.020675362099408234,
        "fog": 0.07727540698400748
    },
    "time": {
        "month": 8,
        "hour": 19,
        "year": 2023,
        "day": 5,
        "second": 1,
        "minute": 18
    },
    "map": {
        "parameterType": "map",
        "name": "CHN_Cho-1_5_I-1-1",
        "id": ""
    },
    "version": "0.01",
    "agents": [
        {
            "uid": "2339686e-b63c-444a-ac88-8c4accc3adaf",
            "parameterType": "vehicle",
            "sensorsConfigurationId": "2e9095fa-c9b9-4f3f-8d7d-65fa2bb03921",
            "destinationPoint": {
                "rotation": {
                    "x": 0,
                    "y": 74.08255375789501,
                    "z": 0
                },
                "position": {
                    "x": 542.0653989247371,
                    "y": 0,
                    "z": 165.18374878842172
                }
            },
            "transform": {
                "rotation": {
                    "x": 0,
                    "y": 67.3108280254777,
                    "z": 0
                },
                "position": {
                    "x": 118.37226462984648,
                    "y": 0,
                    "z": 43.62837429509494
                }
            },
            "variant": "Lincoln2017MKZ",
            "id": "73805704-1e46-4eb6-b5f9-ec2244d5951e",
            "type": 1,
            "initial_speed": {
                "x": 6.504215327788472,
                "y": 0,
                "z": 2.7177942258683587
            }
        },
        {
            "uid": "",
            "parameterType": "",
            "transform": {
                "rotation": {
                    "x": 0,
                    "y": 80.15589286624204,
                    "z": 0
                },
                "position": {
                    "x": 363.89163292282643,
                    "y": 0,
                    "z": 123.80515684422961
                }
            },
            "color": {
                "r": 0.619607746601105,
                "b": 0.462745070457459,
                "g": 0.556862771511078
            },
            "variant": "Sedan",
            "behaviour": {
                "name": "NPCLaneFollowBehaviour",
                "parameters": {
                    "isLaneChange": true,
                    "maxSpeed": 15
                }
            },
            "type": 2,
            "waypoints": []
        },
        {
            "uid": "",
            "parameterType": "",
            "transform": {
                "rotation": {
                    "x": 0,
                    "y": 77.19260560509554,
                    "z": 0
                },
                "position": {
                    "x": 317.6316137498495,
                    "y": 0,
                    "z": 115.91333162052582
                }
            },
            "color": {
                "r": 0.619607746601105,
                "b": 0.462745070457459,
                "g": 0.556862771511078
            },
            "variant": "Sedan",
            "behaviour": {
                "name": "NPCLaneFollowBehaviour",
                "parameters": {
                    "isLaneChange": true,
                    "maxSpeed": 15
                }
            },
            "type": 2,
            "waypoints": []
        },
        {
            "uid": "",
            "parameterType": "",
            "transform": {
                "rotation": {
                    "x": 0,
                    "y": 78.5552015923567,
                    "z": 0
                },
                "position": {
                    "x": 341.231603561509,
                    "y": 0,
                    "z": 119.97477960084221
                }
            },
            "color": {
                "r": 0.619607746601105,
                "b": 0.462745070457459,
                "g": 0.556862771511078
            },
            "variant": "Sedan",
            "behaviour": {
                "name": "NPCLaneFollowBehaviour",
                "parameters": {
                    "isLaneChange": true,
                    "maxSpeed": 15
                }
            },
            "type": 2,
            "waypoints": []
        },
        {
            "uid": "",
            "parameterType": "",
            "transform": {
                "rotation": {
                    "x": 0,
                    "y": 81.80253917197453,
                    "z": 0
                },
                "position": {
                    "x": 384.5338207864815,
                    "y": 0,
                    "z": 130.84609096453076
                }
            },
            "color": {
                "r": 0.619607746601105,
                "b": 0.462745070457459,
                "g": 0.556862771511078
            },
            "variant": "Sedan",
            "behaviour": {
                "name": "NPCLaneFollowBehaviour",
                "parameters": {
                    "isLaneChange": true,
                    "maxSpeed": 15
                }
            },
            "type": 2,
            "waypoints": []
        },
        {
            "uid": "",
            "parameterType": "",
            "transform": {
                "rotation": {
                    "x": 0,
                    "y": 80.14303605095542,
                    "z": 0
                },
                "position": {
                    "x": 354.3000969970168,
                    "y": 0,
                    "z": 125.68173873510898
                }
            },
            "color": {
                "r": 0.619607746601105,
                "b": 0.462745070457459,
                "g": 0.556862771511078
            },
            "variant": "Sedan",
            "behaviour": {
                "name": "NPCLaneFollowBehaviour",
                "parameters": {
                    "isLaneChange": true,
                    "maxSpeed": 15
                }
            },
            "type": 2,
            "waypoints": []
        },
        {
            "uid": "",
            "parameterType": "",
            "transform": {
                "rotation": {
                    "x": 0,
                    "y": 67.4182868789809,
                    "z": 0
                },
                "position": {
                    "x": 132.02854045756507,
                    "y": 0,
                    "z": 49.208743778147245
                }
            },
            "color": {
                "r": 0.619607746601105,
                "b": 0.462745070457459,
                "g": 0.556862771511078
            },
            "variant": "Sedan",
            "behaviour": {
                "name": "NPCLaneFollowBehaviour",
                "parameters": {
                    "isLaneChange": true,
                    "maxSpeed": 15
                }
            },
            "type": 2,
            "waypoints": []
        },
        {
            "uid": "",
            "parameterType": "",
            "transform": {
                "rotation": {
                    "x": 0,
                    "y": 68.3882701910828,
                    "z": 0
                },
                "position": {
                    "x": 172.91731331963973,
                    "y": 0,
                    "z": 69.54915294432614
                }
            },
            "color": {
                "r": 0.619607746601105,
                "b": 0.462745070457459,
                "g": 0.556862771511078
            },
            "variant": "Sedan",